"review_id","lesson_id","contents","rating","created_at"
7,63,명강사입니다,4,"2024-05-09 11:33:42.629353"
8,63,저한테 알맞은 강의를 제공해주셨어요,4,"2024-05-09 12:33:42.629353"
9,63,최고에요,4,"2024-05-09 12:43:42.629353"
10,63,잘 가르쳐줘요,4,"2024-05-10 12:43:42.629353"
11,63,친절해요,3,"2024-05-10 12:53:42.629353"
12,63,다음에도 다시 수강하고 싶네요 ^^,3,"2024-05-09 13:43:42.629353"
13,63,정말 좋으신 분이었습니다,3,"2024-05-09 13:33:52.629353"
14,63,명강사입니다,3,"2024-05-11 13:33:42.629353"
15,63,좋은 강습이었어요,3,"2024-05-12 13:33:42.629353"
16,63,다음에도 다시 수강하고 싶네요 ^^,3,"2024-05-13 13:33:42.629353"
17,63,명강사입니다,5,"2024-05-14 13:33:42.629353"
18,97,좋아요,3,"2024-05-09 13:13:42.629353"
19,97,최고에요,4,"2024-05-09 13:14:42.629353"
20,97,잘 가르쳐줘요,5,"2024-05-09 13:15:42.629353"
21,97,그냥 그래요,2,"2024-05-09 13:33:42.629353"
22,105,좋아용,5,"2024-05-09 15:05:54.660633"
23,64,잘 가르쳐줘요,5,"2024-05-09 15:51:27.783769"
24,68,잘 가르쳐줘요,4,"2024-05-09 15:56:14.127556"
25,82,좋아용,3,"2024-05-09 17:35:33.129005"
26,85,좋아용,3,"2024-05-10 17:51:12.231013"
27,109,잘 가르쳐줘요,4,"2024-05-13 10:49:48.583227"
28,109,대단히 만족스러워요,4,"2024-05-13 10:49:48.602118"
29,110,친절해요,4,"2024-05-13 10:49:48.621115"
30,110,명강사입니다,5,"2024-05-13 11:20:02.660629"
31,111,최고에요,5,"2024-05-13 11:20:02.680859"
32,111,또 듣고 싶어요,4,"2024-05-13 11:20:02.702865"
33,112,저한테 알맞은 강의를 제공해주셨어요,4,"2024-05-13 11:20:02.722824"
34,112,최고에요,5,"2024-05-13 11:20:02.740410"
43,117,어려웠는데 좋았어요,4,"2024-05-13 11:20:02.922134"
44,117,그냥 그랬어요.,3,"2024-05-13 11:20:02.943271"
45,118,그냥 그랬어요.,2,"2024-05-13 11:20:02.964443"
46,118,그냥 그랬어요.,3,"2024-05-13 11:20:02.983231"
47,119,너무 좋아요 최고에요 다시 듣고 싶어 엉엉,5,"2024-05-13 11:20:03.001052"
48,119,다음에도 다시 수강하고 싶네요 ^^,4,"2024-05-13 11:20:03.023092"
57,147,ㅎㅇ,5,"2024-05-14 12:35:07.453796"
58,100,고스키 다이스키,5,"2024-05-14 14:34:14.051022"
59,55,친절하세요^^,4,"2024-05-14 14:59:07.614283"
60,158,ㅎㅇ,5,"2024-05-14 15:14:03.039018"
61,150,처음인데 너무 친절하고 잘 가르쳐주세요,5,"2024-05-14 17:04:50.446530"
62,150,제가 들어본 강습 중 최고에요,5,"2024-05-14 17:04:50.462224"
63,176,별로에요,1,"2024-05-15 12:11:59.332484"
64,55,정말 좋은 강습이었어요. 훌륭해요,5,"2024-05-15 16:18:19.674082"
65,55,최고였어요. 리조트에 다시온다면 이 분한테 받을거에요,5,"2024-05-15 16:18:49.797883"
66,68,최고였어요. 리조트에 다시온다면 이 분한테 받을거에요,5,"2024-05-15 16:19:14.776427"
67,68,정말 좋은 강습이었어요. 훌륭해요,5,"2024-05-15 16:19:28.671399"
68,68,명강사에요,4,"2024-05-15 16:19:47.836302"
69,82,명강사에요,5,"2024-05-15 16:19:57.059570"
70,82,또 듣고 싶어요,5,"2024-05-15 16:20:31.744813"
71,85,또 듣고 싶어요,5,"2024-05-15 16:21:14.808703"
72,86,최고에요,5,"2024-05-15 16:21:44.263393"
73,86,좋은 강습이었어요,5,"2024-05-15 16:21:54.568869"
74,86,최고에요,5,"2024-05-15 16:22:10.738812"
75,87,제가 들어본 강습 중에 최고였어요,5,"2024-05-15 16:22:28.080989"
76,87,다시듣고싶어요,5,"2024-05-15 16:22:34.252162"
77,88,최고에요,5,"2024-05-15 16:22:44.482539"
78,88,강사 님이 친절해요,4,"2024-05-15 16:22:52.818147"
79,97,강사 님이 친절해요,4,"2024-05-15 16:22:58.509186"
80,97,최고의 강습이었어요,5,"2024-05-15 16:23:07.109706"
81,100,최고의 강습이었어요,5,"2024-05-15 16:23:13.163251"
82,100,이 리조트에 온다면 꼭 찾고 싶은 강사님,5,"2024-05-15 16:23:23.334870"
83,101,이 리조트에 온다면 꼭 찾고 싶은 강사님,5,"2024-05-15 16:23:28.210738"
84,101,제가 들었던 강습 중 최고였어요,4,"2024-05-15 16:23:38.268360"
85,104,제가 들었던 강습 중 최고였어요,4,"2024-05-15 16:23:56.006463"
86,105,제가 들었던 강습 중 최고였어요,5,"2024-05-15 16:24:03.413262"
87,105,또 듣고 싶어요,5,"2024-05-15 16:24:10.146476"
88,106,또 듣고 싶어요,4,"2024-05-15 16:24:41.645797"
89,107,최고의 강의였어요,4,"2024-05-15 16:25:00.646453"
90,107,기억에 남을 만한 좋은 강습이었습니다. 최고에요,5,"2024-05-15 16:25:23.463296"
91,109,기억에 남을 만한 좋은 강습이었습니다. 최고에요,5,"2024-05-15 16:25:29.629457"
92,109,다른 분들에게도 추천해드리고 싶습니다. 이 팀 강사 님께 꼭 들으세요,5,"2024-05-15 16:25:47.717813"
93,110,다른 분들에게도 추천해드리고 싶습니다. 이 팀 강사 님께 꼭 들으세요,5,"2024-05-15 16:25:53.321178"
94,110,좋았어요,4,"2024-05-15 16:26:00.530151"
95,111,좋았어요,4,"2024-05-15 16:26:08.762312"
96,111,다른 분들에게도 추천해드리고 싶습니다. 이 팀 강사 님께 꼭 들으세요,5,"2024-05-15 16:26:13.837035"
97,112,다른 분들에게도 추천해드리고 싶습니다. 이 팀 강사 님께 꼭 들으세요,5,"2024-05-15 16:26:19.580925"
98,112,이해가 쏙쏙되는 강의였어요,4,"2024-05-15 16:26:32.133492"
99,147,이해가 쏙쏙되는 강의였어요,4,"2024-05-15 16:26:40.528224"
100,147,다른 분들에게도 추천해드리고 싶습니다. 이 팀 강사 님께 꼭 들으세요,5,"2024-05-15 16:26:50.781103"
101,147,저의 스키 강습의 역사는 이 분을 만나기 전과 후로 나뉩니다.,5,"2024-05-15 16:27:10.294588"
102,148,저의 스키 강습의 역사는 이 분을 만나기 전과 후로 나뉩니다.,4,"2024-05-15 16:31:04.665960"
103,148,좋았어요.,5,"2024-05-15 16:31:11.085444"
104,150,좋았어요.,5,"2024-05-15 16:31:48.427491"
105,150,이해가 쏙쏙되는 강의였어요,4,"2024-05-15 16:31:49.231377"
106,151,저의 스키 강습의 역사는 이 분을 만나기 전과 후로 나뉩니다.,5,"2024-05-15 16:31:50.005074"
107,151,이해가 쏙쏙되는 강의였어요,4,"2024-05-15 16:31:50.751808"
108,152,좋았어요.,5,"2024-05-15 16:31:51.424691"
109,152,좋았어요.,5,"2024-05-15 16:31:52.069918"
110,153,저의 스키 강습의 역사는 이 분을 만나기 전과 후로 나뉩니다.,4,"2024-05-15 16:31:52.690936"
111,153,다른 분들에게도 추천해드리고 싶습니다. 이 팀 강사 님께 꼭 들으세요,5,"2024-05-15 16:31:53.272207"
112,154,저의 스키 강습의 역사는 이 분을 만나기 전과 후로 나뉩니다.,5,"2024-05-15 16:31:53.889174"
113,154,좋았어요.,4,"2024-05-15 16:31:54.552775"
114,155,저의 스키 강습의 역사는 이 분을 만나기 전과 후로 나뉩니다.,5,"2024-05-15 16:31:55.175094"
115,155,다른 분들에게도 추천해드리고 싶습니다. 이 팀 강사 님께 꼭 들으세요,5,"2024-05-15 16:31:55.761455"
116,156,다른 분들에게도 추천해드리고 싶습니다. 이 팀 강사 님께 꼭 들으세요,5,"2024-05-15 16:32:44.463077"
117,156,저의 스키 강습의 역사는 이 분을 만나기 전과 후로 나뉩니다.,5,"2024-05-15 16:32:45.038564"
118,157,좋았어요.,5,"2024-05-15 16:32:45.853423"
119,157,저의 스키 강습의 역사는 이 분을 만나기 전과 후로 나뉩니다.,5,"2024-05-15 16:32:46.597778"
120,158,다른 분들에게도 추천해드리고 싶습니다. 이 팀 강사 님께 꼭 들으세요,5,"2024-05-15 16:32:47.344484"
121,158,좋았어요.,4,"2024-05-15 16:32:48.032709"
122,159,다른 분들에게도 추천해드리고 싶습니다. 이 팀 강사 님께 꼭 들으세요,5,"2024-05-15 16:32:48.698973"
123,159,저의 스키 강습의 역사는 이 분을 만나기 전과 후로 나뉩니다.,4,"2024-05-15 16:32:49.434422"
124,160,이해가 쏙쏙되는 강의였어요,5,"2024-05-15 16:32:49.997880"
125,160,좋았어요.,5,"2024-05-15 16:32:50.736804"
126,177,저의 스키 강습의 역사는 이 분을 만나기 전과 후로 나뉩니다.,4,"2024-05-15 16:32:51.390982"
127,177,다른 분들에게도 추천해드리고 싶습니다. 이 팀 강사 님께 꼭 들으세요,5,"2024-05-15 16:32:51.993131"
128,178,좋았어요.,5,"2024-05-15 16:32:52.710750"
129,178,저의 스키 강습의 역사는 이 분을 만나기 전과 후로 나뉩니다.,4,"2024-05-15 16:32:53.307428"
130,182,다른 분들에게도 추천해드리고 싶습니다. 이 팀 강사 님께 꼭 들으세요,5,"2024-05-15 16:32:53.991646"
131,182,좋았어요.,4,"2024-05-15 16:32:54.683966"
132,185,다른 분들에게도 추천해드리고 싶습니다. 이 팀 강사 님께 꼭 들으세요,5,"2024-05-15 16:32:55.399075"
133,185,저의 스키 강습의 역사는 이 분을 만나기 전과 후로 나뉩니다.,5,"2024-05-15 16:32:56.113160"
156,105,저의 스키 강습의 역사는 이 분을 만나기 전과 후로 나뉩니다.,5,"2024-05-16 08:01:55.892995"
157,105,좋았어요.,4,"2024-05-16 08:01:56.628886"
158,105,다른 분들에게도 추천해드리고 싶습니다. 이 팀 강사 님께 꼭 들으세요,5,"2024-05-16 08:01:57.362694"
159,106,완전 굿굿,4,"2024-05-16 08:02:03.354118"
160,106,다른 분들에게도 추천해드리고 싶습니다. 이 팀 강사 님께 꼭 들으세요,5,"2024-05-16 08:02:03.996239"
161,106,이해가 쏙쏙되는 강의였어요,5,"2024-05-16 08:02:04.676927"
162,186,좋았어요.,4,"2024-05-16 08:02:11.010155"
163,186,다른 분들에게도 추천해드리고 싶습니다. 이 팀 강사 님께 꼭 들으세요,5,"2024-05-16 08:02:11.704815"
164,186,저의 스키 강습의 역사는 이 분을 만나기 전과 후로 나뉩니다.,5,"2024-05-16 08:02:12.307238"
165,187,좋았어요.,4,"2024-05-16 08:02:16.153745"
166,187,저의 스키 강습의 역사는 이 분을 만나기 전과 후로 나뉩니다.,5,"2024-05-16 08:02:16.743956"
167,187,다른 분들에게도 추천해드리고 싶습니다. 이 팀 강사 님께 꼭 들으세요,5,"2024-05-16 08:02:17.377083"
168,188,다른 분들에게도 추천해드리고 싶습니다. 이 팀 강사 님께 꼭 들으세요,5,"2024-05-16 08:04:04.288993"
169,188,이해가 쏙쏙되는 강의였어요,4,"2024-05-16 08:04:04.894491"
170,188,좋았어요.,4,"2024-05-16 08:04:05.492088"
171,184,다른 분들에게도 추천해드리고 싶습니다. 이 팀 강사 님께 꼭 들으세요,5,"2024-05-16 08:10:00.053212"
172,184,저의 스키 강습의 역사는 이 분을 만나기 전과 후로 나뉩니다.,5,"2024-05-16 08:10:00.690283"
173,184,좋았어요.,4,"2024-05-16 08:10:01.338913"
174,180,저의 스키 강습의 역사는 이 분을 만나기 전과 후로 나뉩니다.,5,"2024-05-16 08:10:54.586876"
175,180,다른 분들에게도 추천해드리고 싶습니다. 이 팀 강사 님께 꼭 들으세요,5,"2024-05-16 08:10:55.087501"
176,180,좋았어요.,4,"2024-05-16 08:10:55.665124"
177,117,최고에요,5,"2024-05-16 08:12:56.413524"
178,117,다른 분들에게도 추천해드리고 싶습니다. 이 팀 강사 님께 꼭 들으세요,5,"2024-05-16 08:12:56.984439"
179,117,저의 스키 강습의 역사는 이 분을 만나기 전과 후로 나뉩니다.,5,"2024-05-16 08:12:57.631735"
180,107,좋았어요.,4,"2024-05-16 08:14:20.147793"
181,107,저의 스키 강습의 역사는 이 분을 만나기 전과 후로 나뉩니다.,5,"2024-05-16 08:14:32.414763"
182,107,다른 분들에게도 추천해드리고 싶습니다. 이 팀 강사 님께 꼭 들으세요,5,"2024-05-16 08:14:32.866353"
183,107,이해가 쏙쏙되는 강의였어요,5,"2024-05-16 08:14:33.996564"
184,135,좋았어요.,4,"2024-05-16 08:15:35.388979"
185,135,이해가 쏙쏙되는 강의였어요,5,"2024-05-16 08:15:35.949709"
186,135,다른 분들에게도 추천해드리고 싶습니다. 이 팀 강사 님께 꼭 들으세요,5,"2024-05-16 08:15:36.559618"
187,135,저의 스키 강습의 역사는 이 분을 만나기 전과 후로 나뉩니다.,5,"2024-05-16 08:15:38.617160"
188,189,저의 스키 강습의 역사는 이 분을 만나기 전과 후로 나뉩니다.,5,"2024-05-16 08:26:37.159759"
189,189,이해가 쏙쏙되는 강의였어요,5,"2024-05-16 08:26:37.701358"
190,189,완전 굿굿,4,"2024-05-16 08:26:38.238843"
191,189,다른 분들에게도 추천해드리고 싶습니다. 이 팀 강사 님께 꼭 들으세요,5,"2024-05-16 08:26:38.702241"
192,192,저의 스키 강습의 역사는 이 분을 만나기 전과 후로 나뉩니다.,5,"2024-05-16 08:26:47.047873"
193,192,이해가 쏙쏙되는 강의였어요,5,"2024-05-16 08:26:47.574495"
194,192,다른 분들에게도 추천해드리고 싶습니다. 이 팀 강사 님께 꼭 들으세요,5,"2024-05-16 08:26:48.009837"
195,192,완전 굿굿,4,"2024-05-16 08:26:48.463502"
196,193,저의 스키 강습의 역사는 이 분을 만나기 전과 후로 나뉩니다.,5,"2024-05-16 08:26:56.470808"
197,193,이해가 쏙쏙되는 강의였어요,5,"2024-05-16 08:26:56.943342"
198,193,다른 분들에게도 추천해드리고 싶습니다. 이 팀 강사 님께 꼭 들으세요,5,"2024-05-16 08:26:57.427456"
199,193,완전 굿굿,5,"2024-05-16 08:26:57.885922"
200,194,저의 스키 강습의 역사는 이 분을 만나기 전과 후로 나뉩니다.,5,"2024-05-16 08:27:01.860880"
201,194,이해가 쏙쏙되는 강의였어요,5,"2024-05-16 08:27:02.409453"
202,194,다른 분들에게도 추천해드리고 싶습니다. 이 팀 강사 님께 꼭 들으세요,5,"2024-05-16 08:27:02.865690"
203,195,완전 굿굿,4,"2024-05-16 08:27:05.904160"
204,195,저의 스키 강습의 역사는 이 분을 만나기 전과 후로 나뉩니다.,5,"2024-05-16 08:27:06.452687"
205,195,다른 분들에게도 추천해드리고 싶습니다. 이 팀 강사 님께 꼭 들으세요,5,"2024-05-16 08:27:06.869581"
206,195,이해가 쏙쏙되는 강의였어요,5,"2024-05-16 08:27:07.244092"
207,196,저의 스키 강습의 역사는 이 분을 만나기 전과 후로 나뉩니다.,5,"2024-05-16 08:27:10.217985"
208,196,이해가 쏙쏙되는 강의였어요,5,"2024-05-16 08:27:10.840647"
209,196,오호홍 좋아용,5,"2024-05-16 08:27:11.320926"
210,196,완전 굿굿,4,"2024-05-16 08:27:11.788530"
211,197,완전 굿굿,4,"2024-05-16 09:52:38.422388"
212,197,다른 분들에게도 추천해드리고 싶습니다. 이 팀 강사 님께 꼭 들으세요,5,"2024-05-16 09:52:39.200401"
213,197,저의 스키 강습의 역사는 이 분을 만나기 전과 후로 나뉩니다.,5,"2024-05-16 09:52:43.444269"
214,197,이해가 쏙쏙되는 강의였어요,5,"2024-05-16 09:52:44.155342"
215,197,좋았어요.,4,"2024-05-16 09:52:44.895787"
218,161,더더잦,5,"2024-05-16 12:50:53.614008"
219,138,떠더다ㅓ더덛다다댜다쟈자자자자자자자자쟈자ㅏ아아아앙여어자짜자쟈쨔야땯어어어여엉도도오ㅓ어엉어어어어여어어옹요어오오요용오오요요ㅗ33더엉영어어어어여어어오오아여아2929ㅐ애애애애앵오오오오오오오요오오오요오오요오애요요오용ㅇ,5,"2024-05-16 12:52:15.612971"
